Timestamp,RSS (MB),Shared (MB),User CPU Time (s),System CPU Time (s),Voluntary Context Switches,Involuntary Context Switches
1732300560.0458872,35.61328125,27.7734375,43.62,0.22,191,225
1732300560.0962114,35.61328125,27.7734375,43.67,0.22,191,225
1732300560.1463768,35.61328125,27.7734375,43.72,0.22,191,225
1732300560.196591,35.61328125,27.7734375,43.77,0.22,191,225
1732300560.2466104,35.61328125,27.7734375,43.83,0.22,191,225
1732300560.2967548,35.61328125,27.7734375,43.87,0.22,191,225
1732300560.346783,35.61328125,27.7734375,43.93,0.22,191,225
1732300560.396913,35.61328125,27.7734375,43.98,0.22,191,225
1732300560.446988,35.61328125,27.7734375,44.03,0.22,191,225
1732300560.497134,35.61328125,27.7734375,44.08,0.22,191,226
1732300560.5472229,35.61328125,27.7734375,44.13,0.22,191,226
1732300560.5973046,35.61328125,27.7734375,44.18,0.22,191,226
1732300560.6473897,35.61328125,27.7734375,44.23,0.22,191,226
1732300560.6974535,35.61328125,27.7734375,44.28,0.22,191,226
1732300560.7475789,35.61328125,27.7734375,44.33,0.22,191,228
1732300560.7977536,35.61328125,27.7734375,44.38,0.22,191,228
1732300560.8478515,35.61328125,27.7734375,44.43,0.22,191,228
1732300560.8979673,35.61328125,27.7734375,44.48,0.22,191,228
1732300560.948056,35.61328125,27.7734375,44.53,0.22,191,228
1732300560.998191,35.61328125,27.7734375,44.58,0.22,191,228
1732300561.0482967,35.61328125,27.7734375,44.63,0.22,191,228
1732300561.0984821,35.61328125,27.7734375,44.68,0.22,191,228
1732300561.148684,35.61328125,27.7734375,44.73,0.22,191,228
1732300561.198684,35.61328125,27.7734375,44.78,0.22,191,233
1732300561.2488103,35.61328125,27.7734375,44.83,0.22,191,233
1732300561.2988539,35.61328125,27.7734375,44.88,0.22,191,233
1732300561.349006,35.61328125,27.7734375,44.93,0.22,191,233
1732300561.3990827,35.61328125,27.7734375,44.98,0.22,191,233
1732300561.4491844,35.61328125,27.7734375,45.03,0.22,191,233
1732300561.499303,35.61328125,27.7734375,45.08,0.22,191,234
1732300561.549442,35.61328125,27.7734375,45.13,0.23,191,236
1732300561.5996292,35.61328125,27.7734375,45.18,0.23,191,252
1732300561.649709,35.61328125,27.7734375,45.22,0.23,191,272
1732300561.699882,35.61328125,27.7734375,45.27,0.23,191,294
1732300561.7498553,35.61328125,27.7734375,45.32,0.23,191,296
1732300561.800038,35.61328125,27.7734375,45.36,0.23,191,297
1732300561.8501377,35.61328125,27.7734375,45.42,0.23,191,297
1732300561.900252,35.61328125,27.7734375,45.46,0.23,191,299
1732300561.9503922,35.61328125,27.7734375,45.52,0.23,191,299
1732300562.000476,35.61328125,27.7734375,45.56,0.23,191,299
1732300562.0505865,35.61328125,27.7734375,45.61,0.23,191,299
1732300562.1008089,35.61328125,27.7734375,45.66,0.23,191,299
1732300562.1508076,35.61328125,27.7734375,45.71,0.23,191,300
1732300562.2009702,35.61328125,27.7734375,45.76,0.23,191,300
1732300562.2510626,35.61328125,27.7734375,45.81,0.23,191,300
1732300562.3011372,35.61328125,27.7734375,45.86,0.23,191,300
1732300562.3512466,35.61328125,27.7734375,45.91,0.23,191,300
1732300562.4013658,35.61328125,27.7734375,45.97,0.23,191,300
1732300562.4514804,35.61328125,27.7734375,46.01,0.23,191,300
1732300562.5015614,35.61328125,27.7734375,46.07,0.23,191,302
1732300562.551718,35.61328125,27.7734375,46.11,0.23,191,302
1732300562.601793,35.61328125,27.7734375,46.17,0.23,191,302
1732300562.651855,35.61328125,27.7734375,46.21,0.23,191,302
1732300562.7019746,35.61328125,27.7734375,46.27,0.23,191,302
1732300562.7520475,35.61328125,27.7734375,46.31,0.23,191,302
1732300562.8023164,35.61328125,27.7734375,46.37,0.23,191,302
1732300562.8522906,35.61328125,27.7734375,46.41,0.23,191,302
1732300562.9024277,35.61328125,27.7734375,46.47,0.23,191,303
1732300562.952502,35.61328125,27.7734375,46.51,0.23,191,303
1732300563.0026042,35.61328125,27.7734375,46.57,0.23,191,303
1732300563.0527537,35.61328125,27.7734375,46.61,0.23,191,303
1732300563.1028223,35.61328125,27.7734375,46.66,0.23,191,303
1732300563.1529953,35.61328125,27.7734375,46.71,0.24,191,303
1732300563.2030418,35.61328125,27.7734375,46.76,0.24,191,303
1732300563.2531357,35.61328125,27.7734375,46.81,0.24,191,304
1732300563.303251,35.61328125,27.7734375,46.86,0.24,191,304
1732300563.3533385,35.61328125,27.7734375,46.91,0.24,191,304
1732300563.4034777,35.61328125,27.7734375,46.96,0.24,191,304
1732300563.4535835,35.61328125,27.7734375,47.01,0.24,191,304
1732300563.5037081,35.61328125,27.7734375,47.06,0.24,191,305
1732300563.5538516,35.61328125,27.7734375,47.11,0.24,191,305
1732300563.6039658,35.61328125,27.7734375,47.16,0.24,191,305
1732300563.6540546,35.61328125,27.7734375,47.21,0.24,191,305
1732300563.7041287,35.61328125,27.7734375,47.26,0.24,191,305
1732300563.7542052,35.61328125,27.7734375,47.31,0.24,191,305
1732300563.8043542,35.61328125,27.7734375,47.36,0.24,191,305
1732300563.8545258,35.61328125,27.7734375,47.41,0.24,191,305
1732300563.904588,35.61328125,27.7734375,47.46,0.24,191,305
1732300563.9546611,35.61328125,27.7734375,47.51,0.24,191,306
1732300564.0047965,35.61328125,27.7734375,47.56,0.24,191,306
1732300564.0548718,35.61328125,27.7734375,47.61,0.24,191,306
1732300564.1050143,35.61328125,27.7734375,47.66,0.24,191,306
1732300564.155094,35.61328125,27.7734375,47.71,0.24,191,307
1732300564.2051997,35.61328125,27.7734375,47.76,0.24,191,307
1732300564.2553146,35.61328125,27.7734375,47.81,0.24,191,307
1732300564.3054094,35.61328125,27.7734375,47.86,0.24,191,307
1732300564.3555381,35.61328125,27.7734375,47.91,0.24,191,307
1732300564.4056184,35.61328125,27.7734375,47.96,0.24,191,307
1732300564.4557412,35.61328125,27.7734375,48.01,0.25,191,307
1732300564.5058208,35.61328125,27.7734375,48.06,0.25,191,308
1732300564.5559492,35.61328125,27.7734375,48.11,0.25,191,308
1732300564.606124,35.61328125,27.7734375,48.16,0.25,191,308
1732300564.6562214,35.61328125,27.7734375,48.21,0.25,191,310
1732300564.7063253,35.61328125,27.7734375,48.26,0.25,191,310
1732300564.7563615,35.61328125,27.7734375,48.31,0.25,191,310
1732300564.8065403,35.61328125,27.7734375,48.36,0.25,191,310
1732300564.8566835,35.61328125,27.7734375,48.41,0.25,191,312
1732300564.9067266,35.61328125,27.7734375,48.46,0.25,191,312
1732300564.9569654,35.61328125,27.7734375,48.52,0.25,191,313
1732300565.0069888,35.61328125,27.7734375,48.56,0.25,191,313
1732300565.057135,35.61328125,27.7734375,48.62,0.25,191,313
1732300565.1073036,35.61328125,27.7734375,48.66,0.25,191,313
1732300565.1573262,35.61328125,27.7734375,48.72,0.25,191,313
1732300565.2074587,35.61328125,27.7734375,48.76,0.25,191,313
1732300565.257591,35.61328125,27.7734375,48.81,0.25,191,313
1732300565.3076825,35.61328125,27.7734375,48.86,0.25,191,313
1732300565.357793,35.61328125,27.7734375,48.91,0.25,191,313
1732300565.4079444,35.61328125,27.7734375,48.96,0.25,191,313
1732300565.4579947,35.61328125,27.7734375,49.01,0.25,191,314
1732300565.508102,35.61328125,27.7734375,49.06,0.25,191,314
1732300565.5582137,35.61328125,27.7734375,49.11,0.25,191,314
1732300565.6084104,35.61328125,27.7734375,49.16,0.25,191,314
1732300565.6584225,35.61328125,27.7734375,49.21,0.25,191,314
1732300565.708459,35.61328125,27.7734375,49.26,0.25,191,314
1732300565.7586555,35.61328125,27.7734375,49.31,0.25,191,314
1732300565.808883,35.61328125,27.7734375,49.37,0.25,191,314
1732300565.8589177,35.61328125,27.7734375,49.41,0.26,191,314
1732300565.909046,35.61328125,27.7734375,49.46,0.26,191,314
1732300565.9591353,35.61328125,27.7734375,49.51,0.26,191,314
1732300566.009252,35.61328125,27.7734375,49.56,0.26,191,315
1732300566.0593536,35.61328125,27.7734375,49.61,0.26,191,315
1732300566.1094558,35.61328125,27.7734375,49.66,0.26,191,315
1732300566.1596296,35.61328125,27.7734375,49.71,0.26,191,315
1732300566.2096622,35.61328125,27.7734375,49.76,0.26,191,316
1732300566.2597826,35.61328125,27.7734375,49.81,0.26,191,316
1732300566.3098748,35.61328125,27.7734375,49.86,0.26,191,316
1732300566.3599792,35.61328125,27.7734375,49.91,0.26,191,316
1732300566.4100935,35.61328125,27.7734375,49.96,0.26,191,316
1732300566.4601936,35.61328125,27.7734375,50.01,0.26,191,316
1732300566.5103135,35.61328125,27.7734375,50.06,0.26,191,317
1732300566.5604298,35.61328125,27.7734375,50.11,0.26,191,317
1732300566.610516,35.61328125,27.7734375,50.17,0.26,191,317
1732300566.6606662,35.61328125,27.7734375,50.21,0.26,191,317
1732300566.710765,35.61328125,27.7734375,50.27,0.26,191,317
1732300566.7607958,35.61328125,27.7734375,50.32,0.26,191,317
1732300566.8109534,35.61328125,27.7734375,50.37,0.26,191,317
1732300566.8611162,35.61328125,27.7734375,50.42,0.26,191,317
1732300566.911154,35.61328125,27.7734375,50.47,0.26,191,317
1732300566.9613118,35.61328125,27.7734375,50.52,0.26,191,317
1732300567.0113804,35.61328125,27.7734375,50.56,0.26,191,318
1732300567.0614822,35.61328125,27.7734375,50.62,0.26,191,318
1732300567.1116686,35.61328125,27.7734375,50.66,0.26,191,318
1732300567.1617026,35.61328125,27.7734375,50.72,0.26,191,318
1732300567.2117949,35.61328125,27.7734375,50.76,0.26,191,318
1732300567.2619174,35.61328125,27.7734375,50.82,0.26,191,318
1732300567.31202,35.61328125,27.7734375,50.87,0.26,191,318
1732300567.362124,35.61328125,27.7734375,50.92,0.26,191,318
1732300567.4122422,35.61328125,27.7734375,50.97,0.26,191,318
1732300567.4624114,35.61328125,27.7734375,51.02,0.26,191,318
1732300567.5124307,35.61328125,27.7734375,51.07,0.26,191,319
1732300567.562562,35.61328125,27.7734375,51.12,0.26,191,319
1732300567.612718,35.61328125,27.7734375,51.17,0.26,191,319
1732300567.662792,35.61328125,27.7734375,51.22,0.26,191,319
1732300567.712908,35.61328125,27.7734375,51.27,0.26,191,319
1732300567.762893,35.61328125,27.7734375,51.32,0.26,191,319
1732300567.8131495,35.61328125,27.7734375,51.37,0.26,191,322
1732300567.8632188,35.61328125,27.7734375,51.42,0.26,191,322
1732300567.9133153,35.61328125,27.7734375,51.47,0.26,191,322
1732300567.9634752,35.61328125,27.7734375,51.52,0.26,191,322
1732300568.0135307,35.61328125,27.7734375,51.57,0.26,191,322
1732300568.0636141,35.61328125,27.7734375,51.62,0.26,191,323
1732300568.1137445,35.61328125,27.7734375,51.67,0.27,191,323
1732300568.163855,35.61328125,27.7734375,51.72,0.27,191,323
1732300568.2139475,35.61328125,27.7734375,51.77,0.27,191,325
1732300568.264061,35.61328125,27.7734375,51.82,0.27,191,325
1732300568.314155,35.61328125,27.7734375,51.87,0.27,191,325
1732300568.3642716,35.61328125,27.7734375,51.92,0.27,191,325
1732300568.4143977,35.61328125,27.7734375,51.97,0.27,191,325
1732300568.4644775,35.61328125,27.7734375,52.02,0.27,191,325
1732300568.5146236,35.61328125,27.7734375,52.07,0.27,191,326
1732300568.5647533,35.61328125,27.7734375,52.12,0.27,191,326
1732300568.6148179,35.61328125,27.7734375,52.17,0.27,191,326
1732300568.6649325,35.61328125,27.7734375,52.22,0.27,191,326
1732300568.7150693,35.61328125,27.7734375,52.26,0.27,191,326
1732300568.765073,35.61328125,27.7734375,52.32,0.27,191,326
1732300568.8152692,35.61328125,27.7734375,52.36,0.27,191,326
1732300568.8653507,35.61328125,27.7734375,52.42,0.27,191,326
1732300568.9154518,35.61328125,27.7734375,52.46,0.28,191,326
1732300568.9655945,35.61328125,27.7734375,52.51,0.28,191,326
1732300569.0156837,35.61328125,27.7734375,52.56,0.28,191,326
1732300569.0657754,35.61328125,27.7734375,52.61,0.28,191,327
1732300569.1159654,35.61328125,27.7734375,52.66,0.28,191,327
1732300569.1667578,35.61328125,27.7734375,52.71,0.28,191,334
1732300569.216858,35.61328125,27.7734375,52.76,0.28,191,344
1732300569.266964,35.61328125,27.7734375,52.81,0.28,191,357
1732300569.317078,35.61328125,27.7734375,52.85,0.28,191,378
1732300569.3673177,35.61328125,27.7734375,52.9,0.28,191,382
1732300569.4174392,35.61328125,27.7734375,52.95,0.28,191,383
1732300569.4675767,35.61328125,27.7734375,53.0,0.28,191,383
1732300569.5176744,35.61328125,27.7734375,53.05,0.28,191,384
1732300569.5678515,35.61328125,27.7734375,53.1,0.28,191,386
1732300569.6179385,35.61328125,27.7734375,53.15,0.28,191,387
1732300569.6678693,35.61328125,27.7734375,53.2,0.29,191,388
1732300569.7181268,35.61328125,27.7734375,53.25,0.29,191,389
1732300569.7680123,35.61328125,27.7734375,53.3,0.29,191,389
1732300569.8182778,35.61328125,27.7734375,53.35,0.29,191,390
1732300569.8684807,35.61328125,27.7734375,53.4,0.29,191,393
1732300569.9185855,35.61328125,27.7734375,53.45,0.29,191,394
1732300569.9688454,35.61328125,27.7734375,53.5,0.29,191,395
1732300570.0188954,35.61328125,27.7734375,53.55,0.29,191,397
1732300570.069057,35.61328125,27.7734375,53.61,0.29,191,398
1732300570.1191409,35.61328125,27.7734375,53.65,0.29,191,398
1732300570.169259,35.61328125,27.7734375,53.71,0.29,191,399
1732300570.2193859,35.61328125,27.7734375,53.75,0.29,191,400
1732300570.269515,35.61328125,27.7734375,53.81,0.29,191,401
1732300570.3196394,35.61328125,27.7734375,53.85,0.29,191,402
1732300570.3697,35.61328125,27.7734375,53.91,0.29,191,403
1732300570.4198592,35.61328125,27.7734375,53.96,0.29,191,403
1732300570.4699364,35.61328125,27.7734375,54.01,0.29,191,404
1732300570.5200305,35.61328125,27.7734375,54.06,0.29,191,406
1732300570.570222,35.61328125,27.7734375,54.11,0.29,191,407
1732300570.6203382,35.61328125,27.7734375,54.16,0.29,191,408
1732300570.6703436,35.61328125,27.7734375,54.21,0.29,191,409
1732300570.7204285,35.61328125,27.7734375,54.25,0.29,191,410
1732300570.770594,35.61328125,27.7734375,54.31,0.29,192,410
1732300570.8207648,35.61328125,27.7734375,54.35,0.29,192,411
1732300570.8709207,35.61328125,27.7734375,54.41,0.29,192,412
1732300570.9210906,35.61328125,27.7734375,54.46,0.29,192,413
1732300570.9711688,35.61328125,27.7734375,54.51,0.29,192,414
1732300571.021321,35.61328125,27.7734375,54.56,0.29,192,415
1732300571.0714626,35.61328125,27.7734375,54.61,0.29,192,416
1732300571.1215873,35.61328125,27.7734375,54.66,0.29,192,416
1732300571.1716826,35.61328125,27.7734375,54.71,0.29,192,417
1732300571.2218008,35.61328125,27.7734375,54.76,0.29,192,418
1732300571.2718935,35.61328125,27.7734375,54.81,0.29,192,419
1732300571.3220499,35.61328125,27.7734375,54.86,0.29,192,420
1732300571.3721764,35.61328125,27.7734375,54.91,0.29,192,421
1732300571.4223025,35.61328125,27.7734375,54.95,0.3,192,422
1732300571.472422,35.61328125,27.7734375,55.0,0.3,192,423
1732300571.522536,35.61328125,27.7734375,55.06,0.3,192,425
1732300571.5727181,35.61328125,27.7734375,55.1,0.3,192,426
1732300571.6228375,35.61328125,27.7734375,55.16,0.3,192,427
1732300571.6729822,35.61328125,27.7734375,55.21,0.3,192,428
1732300571.7230456,35.61328125,27.7734375,55.26,0.3,192,430
1732300571.7731824,35.61328125,27.7734375,55.31,0.3,192,431
1732300571.8232365,35.61328125,27.7734375,55.36,0.3,192,431
1732300571.8735752,35.61328125,27.7734375,55.41,0.3,192,432
1732300571.923619,35.61328125,27.7734375,55.46,0.3,192,433
1732300571.973757,35.61328125,27.7734375,55.51,0.3,192,434
1732300572.0238497,35.61328125,27.7734375,55.56,0.3,192,435
1732300572.0740075,35.61328125,27.7734375,55.61,0.3,192,436
1732300572.1242328,35.61328125,27.7734375,55.66,0.3,192,437
1732300572.174261,35.61328125,27.7734375,55.71,0.3,192,437
1732300572.2243917,35.61328125,27.7734375,55.75,0.3,192,438
1732300572.2745035,35.61328125,27.7734375,55.81,0.3,192,439
1732300572.3246925,35.61328125,27.7734375,55.85,0.3,192,440
1732300572.3747623,35.61328125,27.7734375,55.91,0.3,192,441
1732300572.4249933,35.61328125,27.7734375,55.96,0.3,192,442
1732300572.475015,35.61328125,27.7734375,56.01,0.3,192,443
1732300572.5251708,35.61328125,27.7734375,56.06,0.3,192,444
1732300572.5753064,35.61328125,27.7734375,56.11,0.3,192,445
1732300572.6254418,35.61328125,27.7734375,56.16,0.3,192,446
1732300572.675546,35.61328125,27.7734375,56.21,0.3,192,448
1732300572.7256665,35.61328125,27.7734375,56.26,0.3,192,449
1732300572.7757602,35.61328125,27.7734375,56.31,0.3,192,450
1732300572.8259003,35.61328125,27.7734375,56.36,0.3,192,451
1732300572.8760462,35.61328125,27.7734375,56.41,0.3,192,452
1732300572.9261494,35.61328125,27.7734375,56.46,0.3,192,452
1732300572.9763012,35.61328125,27.7734375,56.51,0.3,192,453
1732300573.026374,35.61328125,27.7734375,56.56,0.3,192,454
1732300573.0766456,35.61328125,27.7734375,56.61,0.3,192,455
1732300573.1266894,35.61328125,27.7734375,56.66,0.3,192,456
1732300573.1767952,35.61328125,27.7734375,56.71,0.3,192,457
1732300573.2269297,35.61328125,27.7734375,56.76,0.3,192,457
1732300573.2770689,35.61328125,27.7734375,56.81,0.3,192,458
1732300573.3271797,35.61328125,27.7734375,56.86,0.3,192,459
1732300573.3773181,35.61328125,27.7734375,56.91,0.3,192,460
1732300573.4274402,35.61328125,27.7734375,56.96,0.3,192,461
1732300573.47758,35.61328125,27.7734375,57.01,0.3,192,462
1732300573.5277123,35.61328125,27.7734375,57.06,0.3,192,463
1732300573.5778236,35.61328125,27.7734375,57.11,0.3,192,464
1732300573.6279523,35.61328125,27.7734375,57.16,0.3,192,465
1732300573.67812,35.61328125,27.7734375,57.21,0.3,192,466
1732300573.7282364,35.61328125,27.7734375,57.26,0.3,192,467
1732300573.7783127,35.61328125,27.7734375,57.31,0.3,192,468
1732300573.8284607,35.61328125,27.7734375,57.36,0.3,192,469
1732300573.8786132,35.61328125,27.7734375,57.41,0.3,192,470
1732300573.9288235,35.61328125,27.7734375,57.46,0.3,192,470
1732300573.9786844,35.61328125,27.7734375,57.51,0.3,192,471
1732300574.0290236,35.61328125,27.7734375,57.57,0.3,192,472
1732300574.0791445,35.61328125,27.7734375,57.61,0.3,192,473
1732300574.129279,35.61328125,27.7734375,57.67,0.3,192,474
1732300574.179371,35.61328125,27.7734375,57.71,0.3,192,475
1732300574.2294502,35.61328125,27.7734375,57.77,0.3,192,476
1732300574.2796097,35.61328125,27.7734375,57.81,0.3,192,476
1732300574.3297346,35.61328125,27.7734375,57.87,0.3,192,477
1732300574.3798485,35.61328125,27.7734375,57.91,0.3,192,478
1732300574.429946,35.61328125,27.7734375,57.97,0.3,192,479
1732300574.480081,35.61328125,27.7734375,58.01,0.3,192,480
1732300574.5302243,35.61328125,27.7734375,58.07,0.3,192,482
1732300574.580347,35.61328125,27.7734375,58.11,0.3,192,482
1732300574.6304593,35.61328125,27.7734375,58.17,0.3,192,483
1732300574.6806386,35.61328125,27.7734375,58.21,0.3,192,484
1732300574.730723,35.61328125,27.7734375,58.27,0.3,192,485
1732300574.7808337,35.61328125,27.7734375,58.32,0.3,192,486
1732300574.8308115,35.61328125,27.7734375,58.37,0.3,192,487
1732300574.88125,35.61328125,27.7734375,58.42,0.3,192,488
1732300574.9332173,35.61328125,27.7734375,58.47,0.3,192,488
1732300574.983225,35.61328125,27.7734375,58.52,0.3,192,489
1732300575.0334203,35.61328125,27.7734375,58.57,0.3,192,490
1732300575.083582,35.61328125,27.7734375,58.62,0.3,192,491
1732300575.1336832,35.61328125,27.7734375,58.67,0.3,192,492
1732300575.1837845,35.61328125,27.7734375,58.72,0.3,192,493
1732300575.2338648,35.61328125,27.7734375,58.77,0.3,192,493
1732300575.2840312,35.61328125,27.7734375,58.82,0.3,192,494
1732300575.334157,35.61328125,27.7734375,58.87,0.3,192,495
1732300575.3842688,35.61328125,27.7734375,58.92,0.3,192,496
1732300575.4343524,35.61328125,27.7734375,58.97,0.3,192,497
1732300575.4843743,35.61328125,27.7734375,59.02,0.3,192,498
1732300575.5347788,35.61328125,27.7734375,59.07,0.3,192,500
1732300575.584991,35.61328125,27.7734375,59.13,0.3,192,500
1732300575.6350136,35.61328125,27.7734375,59.17,0.3,192,501
1732300575.6851604,35.61328125,27.7734375,59.23,0.3,192,504
1732300575.7353058,35.61328125,27.7734375,59.28,0.3,192,516
1732300575.7854033,35.61328125,27.7734375,59.32,0.3,192,534
1732300575.8355463,35.61328125,27.7734375,59.36,0.3,192,556
1732300575.8858335,35.61328125,27.7734375,59.42,0.3,192,569
1732300575.9360049,35.61328125,27.7734375,59.46,0.3,192,573
1732300575.9861252,35.61328125,27.7734375,59.52,0.3,192,574
1732300576.036032,35.61328125,27.7734375,59.56,0.31,192,575
1732300576.086301,35.61328125,27.7734375,59.61,0.31,192,576
1732300576.136404,35.61328125,27.7734375,59.66,0.31,192,577
1732300576.1865442,35.61328125,27.7734375,59.71,0.31,192,578
1732300576.2366953,35.61328125,27.7734375,59.75,0.31,192,579
1732300576.2868147,35.61328125,27.7734375,59.81,0.31,192,579
1732300576.3370519,35.61328125,27.7734375,59.85,0.32,192,580
1732300576.3870816,35.61328125,27.7734375,59.9,0.32,192,581
1732300576.4372063,35.61328125,27.7734375,59.95,0.32,192,582
1732300576.4872994,35.61328125,27.7734375,60.0,0.32,192,583
1732300576.5374513,35.61328125,27.7734375,60.05,0.32,192,585
1732300576.587597,35.61328125,27.7734375,60.1,0.32,192,586
1732300576.6376686,35.61328125,27.7734375,60.15,0.32,192,586
1732300576.6878173,35.61328125,27.7734375,60.2,0.32,192,587
1732300576.7379563,35.61328125,27.7734375,60.25,0.32,192,588
1732300576.788023,35.61328125,27.7734375,60.3,0.32,192,591
1732300576.8381338,35.61328125,27.7734375,60.35,0.33,192,592
1732300576.8883424,35.61328125,27.7734375,60.39,0.33,192,593
1732300576.9384103,35.61328125,27.7734375,60.45,0.33,192,594
1732300576.988604,35.61328125,27.7734375,60.49,0.33,192,594
1732300577.038643,35.61328125,27.7734375,60.55,0.33,192,595
1732300577.088858,35.61328125,27.7734375,60.59,0.33,192,596
1732300577.1389053,35.61328125,27.7734375,60.65,0.33,192,597
1732300577.1890798,35.61328125,27.7734375,60.7,0.33,192,598
1732300577.239145,35.61328125,27.7734375,60.75,0.33,192,599
1732300577.2893279,35.61328125,27.7734375,60.8,0.33,192,600
1732300577.339498,35.61328125,27.7734375,60.85,0.33,192,600
1732300577.389553,35.61328125,27.7734375,60.9,0.33,192,601
1732300577.4396555,35.61328125,27.7734375,60.95,0.33,192,602
1732300577.4896355,35.61328125,27.7734375,61.0,0.33,192,603
1732300577.5399196,35.61328125,27.7734375,61.05,0.33,192,605
1732300577.5900507,35.61328125,27.7734375,61.1,0.33,192,606
1732300577.6401284,35.61328125,27.7734375,61.15,0.33,192,607
1732300577.6902344,35.61328125,27.7734375,61.2,0.33,192,608
1732300577.7403805,35.61328125,27.7734375,61.25,0.33,192,608
1732300577.7903998,35.61328125,27.7734375,61.3,0.33,192,609
1732300577.8406408,35.61328125,27.7734375,61.35,0.33,192,610
1732300577.890771,35.61328125,27.7734375,61.4,0.33,192,611
1732300577.9409578,35.61328125,27.7734375,61.46,0.33,192,612
1732300577.9909933,35.61328125,27.7734375,61.5,0.33,192,613
1732300578.0411448,35.61328125,27.7734375,61.56,0.33,192,614
1732300578.091129,35.61328125,27.7734375,61.6,0.33,192,614
1732300578.141328,35.61328125,27.7734375,61.66,0.33,192,617
1732300578.191476,35.61328125,27.7734375,61.71,0.33,192,618
1732300578.2415626,35.61328125,27.7734375,61.76,0.33,192,619
1732300578.2917233,35.61328125,27.7734375,61.81,0.33,192,620
1732300578.3418643,35.61328125,27.7734375,61.86,0.33,192,621
1732300578.3920536,35.61328125,27.7734375,61.91,0.33,192,621
1732300578.4420798,35.61328125,27.7734375,61.96,0.33,192,623
1732300578.492263,35.61328125,27.7734375,62.01,0.33,192,624
1732300578.5424004,35.61328125,27.7734375,62.06,0.33,192,626
1732300578.5925264,35.61328125,27.7734375,62.1,0.33,192,627
1732300578.6426046,35.61328125,27.7734375,62.16,0.33,192,628
1732300578.6927948,35.61328125,27.7734375,62.2,0.34,192,629
1732300578.742895,35.61328125,27.7734375,62.25,0.34,192,629
1732300578.7929795,35.61328125,27.7734375,62.31,0.34,192,630
1732300578.8431432,35.61328125,27.7734375,62.35,0.34,192,631
1732300578.8933172,35.61328125,27.7734375,62.4,0.35,192,632
1732300578.9434023,35.61328125,27.7734375,62.45,0.35,192,633
1732300578.9935167,35.61328125,27.7734375,62.5,0.35,192,634
1732300579.0435953,35.61328125,27.7734375,62.55,0.35,192,635
1732300579.0938017,35.61328125,27.7734375,62.6,0.35,192,635
1732300579.1438901,35.61328125,27.7734375,62.65,0.35,192,636
1732300579.1940084,35.61328125,27.7734375,62.7,0.35,192,637
1732300579.244087,35.61328125,27.7734375,62.75,0.35,192,638
1732300579.294225,35.61328125,27.7734375,62.8,0.35,192,639
1732300579.3443763,35.61328125,27.7734375,62.85,0.35,192,640
1732300579.3944783,35.61328125,27.7734375,62.9,0.35,192,641
1732300579.444681,35.61328125,27.7734375,62.95,0.35,192,641
1732300579.4947445,35.61328125,27.7734375,63.0,0.35,192,642
1732300579.544932,35.61328125,27.7734375,63.05,0.35,192,643
1732300579.5950086,35.61328125,27.7734375,63.1,0.35,192,644
1732300579.6451252,35.61328125,27.7734375,63.16,0.35,192,645
1732300579.6952295,35.61328125,27.7734375,63.2,0.35,192,646
1732300579.745352,35.61328125,27.7734375,63.25,0.35,192,647
1732300579.795392,35.61328125,27.7734375,63.3,0.35,192,647
1732300579.8455606,35.61328125,27.7734375,63.35,0.35,192,648
1732300579.8956954,35.61328125,27.7734375,63.4,0.35,192,649
1732300579.9458125,35.61328125,27.7734375,63.45,0.35,192,650
1732300579.9959545,35.61328125,27.7734375,63.5,0.35,192,651
1732300580.046053,35.61328125,27.7734375,63.55,0.35,192,652
1732300580.096259,35.61328125,27.7734375,63.6,0.35,192,652
1732300580.146179,35.61328125,27.7734375,63.65,0.35,192,653
1732300580.1964831,35.61328125,27.7734375,63.7,0.35,192,654
1732300580.2465165,35.61328125,27.7734375,63.75,0.35,192,655
1732300580.296733,35.61328125,27.7734375,63.8,0.35,192,656
1732300580.3467996,35.61328125,27.7734375,63.85,0.35,192,657
1732300580.3970551,35.61328125,27.7734375,63.9,0.35,192,658
1732300580.44703,35.61328125,27.7734375,63.95,0.35,192,659
1732300580.4972873,35.61328125,27.7734375,64.0,0.36,192,659
1732300580.5475445,35.61328125,27.7734375,64.05,0.36,192,661
1732300580.5975637,35.61328125,27.7734375,64.1,0.36,192,662
1732300580.647715,35.61328125,27.7734375,64.15,0.36,192,663
1732300580.697656,35.61328125,27.7734375,64.2,0.36,192,664
1732300580.7477973,35.61328125,27.7734375,64.24,0.36,192,665
1732300580.7980058,35.61328125,27.7734375,64.3,0.36,192,665
1732300580.848193,35.61328125,27.7734375,64.34,0.36,192,666
1732300580.8983278,35.61328125,27.7734375,64.4,0.36,192,667
1732300580.9484806,35.61328125,27.7734375,64.44,0.36,192,668
1732300580.998593,35.61328125,27.7734375,64.5,0.36,192,669
1732300581.0486426,35.61328125,27.7734375,64.55,0.36,192,670
1732300581.0987718,35.61328125,27.7734375,64.6,0.36,192,670
1732300581.1489172,35.61328125,27.7734375,64.65,0.36,192,671
1732300581.199338,35.61328125,27.7734375,64.7,0.36,192,672
1732300581.249532,35.61328125,27.7734375,64.75,0.36,192,673
1732300581.299878,35.61328125,27.7734375,64.8,0.36,192,674
1732300581.3503993,35.61328125,27.7734375,64.85,0.36,192,675
1732300581.4001174,35.61328125,27.7734375,64.9,0.36,192,676
1732300581.4502077,35.61328125,27.7734375,64.95,0.37,192,677
1732300581.5003912,35.61328125,27.7734375,65.0,0.37,192,677
1732300581.550498,35.61328125,27.7734375,65.05,0.37,192,679
1732300581.6006413,35.61328125,27.7734375,65.1,0.37,192,680
1732300581.6507125,35.61328125,27.7734375,65.15,0.37,192,681
1732300581.7010946,35.61328125,27.7734375,65.2,0.37,192,682
1732300581.7514086,35.61328125,27.7734375,65.25,0.37,192,683
1732300581.801516,35.61328125,27.7734375,65.3,0.37,192,683
1732300581.8512309,35.61328125,27.7734375,65.35,0.37,192,684
1732300581.9013555,35.61328125,27.7734375,65.4,0.37,192,685
1732300581.9514952,35.61328125,27.7734375,65.45,0.37,192,686
1732300582.0016222,35.61328125,27.7734375,65.5,0.37,192,687
1732300582.051761,35.61328125,27.7734375,65.55,0.37,192,688
1732300582.1018763,35.61328125,27.7734375,65.6,0.37,192,688
1732300582.152003,35.61328125,27.7734375,65.65,0.37,192,689
1732300582.201986,35.61328125,27.7734375,65.7,0.37,192,690
1732300582.2521045,35.61328125,27.7734375,65.75,0.37,192,691
1732300582.30233,35.61328125,27.7734375,65.8,0.37,192,692
1732300582.352503,35.61328125,27.7734375,65.85,0.37,192,693
1732300582.4026537,35.61328125,27.7734375,65.9,0.37,192,694
1732300582.4527214,35.61328125,27.7734375,65.95,0.37,192,694
1732300582.5028443,35.61328125,27.7734375,66.0,0.37,192,695
1732300582.553005,35.61328125,27.7734375,66.05,0.37,192,696
1732300582.6031215,35.61328125,27.7734375,66.1,0.37,192,697
1732300582.6532297,35.61328125,27.7734375,66.15,0.37,192,698
1732300582.7033403,35.61328125,27.7734375,66.2,0.37,192,699
1732300582.7534626,35.61328125,27.7734375,66.26,0.37,192,699
1732300582.803618,35.61328125,27.7734375,66.3,0.37,192,704
1732300582.8537884,35.61328125,27.7734375,66.36,0.37,192,718
1732300582.903882,35.61328125,27.7734375,66.41,0.37,192,729
1732300582.953981,35.61328125,27.7734375,66.46,0.37,192,736
1732300583.0041637,35.61328125,27.7734375,66.5,0.37,192,737
1732300583.054362,35.61328125,27.7734375,66.56,0.37,192,738
1732300583.1045084,35.61328125,27.7734375,66.6,0.37,192,739
1732300583.154653,35.61328125,27.7734375,66.65,0.38,192,739
1732300583.2048137,35.61328125,27.7734375,66.7,0.38,192,740
1732300583.2549102,35.61328125,27.7734375,66.75,0.38,192,741
1732300583.3051653,35.61328125,27.7734375,66.8,0.38,192,742
1732300583.3552735,35.61328125,27.7734375,66.85,0.38,192,743
1732300583.405388,35.61328125,27.7734375,66.9,0.38,192,744
1732300583.4554658,35.61328125,27.7734375,66.95,0.38,192,745
1732300583.5055857,35.61328125,27.7734375,67.0,0.38,192,746
1732300583.5557358,35.61328125,27.7734375,67.05,0.38,192,746
1732300583.6058435,35.61328125,27.7734375,67.1,0.38,192,747
1732300583.6559615,35.61328125,27.7734375,67.15,0.38,192,748
1732300583.706068,35.61328125,27.7734375,67.2,0.38,192,749
1732300583.756215,35.61328125,27.7734375,67.25,0.38,192,750
1732300583.8062532,35.61328125,27.7734375,67.3,0.38,192,751
1732300583.8564572,35.61328125,27.7734375,67.34,0.39,192,751
1732300583.9065802,35.61328125,27.7734375,67.4,0.39,192,752
1732300583.9567168,35.61328125,27.7734375,67.44,0.39,192,753
1732300584.0068219,35.61328125,27.7734375,67.49,0.39,192,754
1732300584.0568721,35.61328125,27.7734375,67.54,0.39,192,755
1732300584.1069784,35.61328125,27.7734375,67.59,0.39,192,756
1732300584.1571915,35.61328125,27.7734375,67.65,0.39,192,757
1732300584.207268,35.61328125,27.7734375,67.69,0.39,192,757
1732300584.2572463,35.61328125,27.7734375,67.75,0.39,192,758
1732300584.3074968,35.61328125,27.7734375,67.79,0.39,192,759
1732300584.3576472,35.61328125,27.7734375,67.85,0.39,192,760
1732300584.4078012,35.61328125,27.7734375,67.9,0.39,192,761
1732300584.4578786,35.61328125,27.7734375,67.95,0.39,192,762
1732300584.5080154,35.61328125,27.7734375,68.0,0.39,192,763
1732300584.5581641,35.61328125,27.7734375,68.05,0.39,192,764
1732300584.6082952,35.61328125,27.7734375,68.1,0.39,192,765
1732300584.6584105,35.61328125,27.7734375,68.15,0.39,192,766
1732300584.708488,35.61328125,27.7734375,68.2,0.39,192,772
1732300584.7584434,35.61328125,27.7734375,68.25,0.39,192,773
1732300584.8087204,35.61328125,27.7734375,68.3,0.39,192,774
1732300584.8588517,35.61328125,27.7734375,68.35,0.39,192,774
1732300584.909025,35.61328125,27.7734375,68.4,0.39,192,775
1732300584.9593155,35.61328125,27.7734375,68.45,0.39,192,776
1732300585.0093567,35.61328125,27.7734375,68.5,0.39,192,777
1732300585.0594795,35.61328125,27.7734375,68.55,0.39,192,778
1732300585.109625,35.61328125,27.7734375,68.6,0.4,192,779
1732300585.1597438,35.61328125,27.7734375,68.65,0.4,192,780
1732300585.2098901,35.61328125,27.7734375,68.7,0.4,192,780
1732300585.2599993,35.61328125,27.7734375,68.75,0.4,192,781
1732300585.3101323,35.61328125,27.7734375,68.8,0.4,192,782
1732300585.360248,35.61328125,27.7734375,68.85,0.4,192,783
1732300585.4103458,35.61328125,27.7734375,68.9,0.4,192,784
1732300585.4604938,35.61328125,27.7734375,68.95,0.4,192,785
1732300585.5106392,35.61328125,27.7734375,69.0,0.4,192,786
1732300585.560712,35.61328125,27.7734375,69.05,0.4,192,787
1732300585.6108706,35.61328125,27.7734375,69.1,0.4,192,788
1732300585.6611238,35.61328125,27.7734375,69.15,0.4,192,789
1732300585.7109516,35.61328125,27.7734375,69.2,0.4,192,790
1732300585.7610915,35.61328125,27.7734375,69.25,0.4,192,791
1732300585.8111675,35.61328125,27.7734375,69.3,0.4,192,792
